Index,Diverse.BC,Environment.BC,Environment,R1.example,R2.example,Did.Regex.Work,Total.Reads,Total.jackpot.errors,1_E_1,1_E_2,1_E_3,1_E_5,1_F_1,1_F_2,1_F_3,1_F_5,2_E_1,2_E_2,2_E_3,2_E_5,2_F_1,2_F_2,2_F_3,2_F_5,6_E_1,6_E_2,6_E_3,6_E_5,6_F_1,6_F_2,6_F_3,6_F_5,4_E_1,4_E_2,4_E_3,4_E_5,4_F_1,4_F_2,4_F_3,4_F_5,5_E_1,5_E_2,5_E_3,5_E_5,5_F_1,5_F_2,5_F_3,5_F_5,10_E_1,10_E_2,10_E_3,10_E_5,10_F_1,10_F_2,10_F_3,10_F_5,3_E_1,3_E_2,3_E_3,3_E_5,3_F_1,3_F_2,3_F_3,3_F_5,7_F_1,7_F_2,7_F_3,7_F_5,9_E_1,9_E_2,9_E_3,9_E_5,9_F_1,9_F_2,9_F_3,9_F_5,POOL.x,POOL.y,Index.y,Corrected.Total.Counts,UMI.Repeat.Counts,Percent.UMI.Repeats,Exclude,AT.bc.ue,AT.bc.u,AT.bc.e,not.matched,RMD.means,bc.id,1 s,2 s,6 s,4 s,5 s,10 s,3 s,7 s,9 s,Lineage.Tracking,T0,T8,T16,T24,T32,T40,T48,T56,T64,T72,T80,T88,T96,T104,T112,T120,T128,T136,T144,T152,T160,T168,T176,T184,T192,T200,T208,T216,T224,T232,T240,Full.BC,Well,chr,position,ref-nucleotide,mutant-nucleotide,Gene,funct-class,codon-change,aa-change,Sanger Seq
2,ACAAAAAGATATAACAAGCTTGAAGA,CCCGAAAAAGTTTTTTATCTTCAATG,SC Fluconazole4 (Haploid),"['@HWI-D00742:118:C9D2UANXX:6:1101:9591:2459 1:N:0:CAAAAAAATCTTTCCC\n', 'CCTGAATAGGCTACTTAATATGGACTAAAGGAGGCTTTTGTCGACGGATCCGATATCGGTACCACAAAAAGATATAACAAGCTTGAAGAATAACTTCGTATAATGTATGCTATACGAAGTTATCA\n', '+\n', 'BCCCBGGGGGGGGGGGGGGGGGGGGGGGGGGGGGGGGGGGGGGGGGGGGGGGGGGGGGGGGGGFGGGFGGFGGGGGGGGGGGGGGGEGCGGGGGGGGGGGGGGGCGGGGGGGGGGFGGGBGGGGG\n']","['@HWI-D00742:118:C9D2UANXX:6:1101:9591:2459 2:N:0:CAAAAAAATCTTTCCC\n', 'ACGGACGGTATATACGCTCGAATTCAAGCTTAGATCTGATATCGGTACCCCCGAAAAAGTTTTTTATCTTCAATGATAACTTCGTATAGCATACATTATACGAAGTTATTCTTCAAGCTTGTTAT\n', '+\n', 'CCCCBGGFFGGGGGGGGGGGGGGGGGGGGGGGGGGGGGGGGGGGGGGGGGGGGGGGGGGGGGGGGGGGGGGGGGGGGGGGGGGGGGGGGGGGGGGGGGGGGGGGGGGGGCGGGGGGGGGGGGGGG\n']",worked,1763743,37384,18254,26610,44143,15938,23239,28812,23351,21727,25504,23111,22109,19016,28758,27747,27750,24426,35840,29139,33841,29720,39970,37801,33385,29075,33320,23784,18849,7539,41379,29011,18243,7507,24700,31908,36233,35542,31629,35477,45609,43142,31335,42261,42675,38711,39483,41439,43242,51620,34933,56847,34119,67346,50980,64382,41764,33217,40395,15084,39728,72984,19630,9124,978,1747,20111,25207,11440,1819,299839,277955,3,2364834,92574,0.039146087999999996,0.0,0.711538462,0.7307692309999999,0.692307692,0,0.110292236,2,0.010540643,0.00980434,-0.001910655,-0.03341272,0.016552565,0.01307723,0.011479827,0.089534518,-0.000789928,FLC4_alpha,9.05381000178593e-05,0.0005099420468313274,,,,,,,,0.12746177268567396,,0.12247179161117729,,0.15167765447191514,,0.19126106302070853,,0.25986572702995514,,,,,,,0.1746297388995427,,,,,,0.15496226447304506,ACAAAAAGATATAACAAGCTTGAAGACCCGAAAAAGTTTTTTATCTTCAATG,P2-H3,XVI,452591.0,A,C,SUR1,MISSENSE,tTc/tGc,F156C,yes
14,CTCGCAAGTGCAAATCTGTTTTAGTT,TCCTAAACGGAATTTTTTCTTCACCT,SC Fluconazole4 (Haploid),"['@HWI-D00742:118:C9D2UANXX:6:1101:19286:7612 1:N:0:AAAAATATTCTTTCCC\n', 'ATGGAATCGGCTACTTAATATGGACTAAAGGAGGCTTTTGTCGACGGATCCGATATCGGTACCCTCGCAAGTGCAAATCTGTTTTAGTTATAACTTCGTATAATGTATGCTATACGAAGTTATAG\n', '+\n', 'BBCCCGGGGGGGGGGGGGGGGGGGGGGCGGGGGGGGGGGGGGGGGGGGGGGGGGGGGGGGGGGGGGGGGBGGGGEGGGGGGGGGGGGGGGGGGGGGGGGGGGGGFGGGGGGGGGGGGGG9DGGEG\n']","['@HWI-D00742:118:C9D2UANXX:6:1101:19286:7612 2:N:0:AAAAATATTCTTTCCC\n', 'TCCAGCGTTATATACGCTCGAATTCAAGCTTAGATCTAATATCGGTACCTCCTAAACGGAATTTTTTCTTCACCTATAACTTCGTATAGCATACATTATACGAAGTTATAACTAAAACAGATTTG\n', '+\n', 'CCCBCGGGGGGGGGGGGGGGGGGGGGGGGGGGGGGGGGGGGGGGGGGGGGGGGGGGGGGGGGGGGGGGGGGGGGGGGGGGGGGGGGGGGGGGGGGGGGGGGGGGGGGGGGGGGGGGGGGGGGGGG\n']",worked,338938,9006,3273,5158,8556,2922,4273,5694,4422,4056,4842,4824,4665,2946,5917,4688,4637,3856,7450,6245,6910,5438,8196,7754,6400,5579,7184,3606,2250,634,8889,4975,3146,741,5692,7584,8746,7698,4401,8550,10383,9550,6080,7262,6677,3549,7132,6779,6508,6280,7410,11423,6146,9455,12785,13633,5718,1955,9247,9517,9192,9714,2923,1209,398,120,2468,2591,1071,127,65941,60312,22,446427,22364,0.050095535999999996,0.0,0.634615385,0.615384615,0.653846154,0,0.117220151,14,0.01068452,0.003151933,-0.005123932,-0.058862553,0.019276599,-0.003478039,-0.014510225,0.061363862,-0.011017883,FLC4_alpha,3.208945317088684e-05,0.00012709485130423277,,,,,,,,0.03276057040094195,,0.03136197498980306,,0.03615058186102128,,0.04299780974797541,,0.057211974009049926,,,,,,,0.03949402566750258,,,,,,0.04024067553033819,CTCGCAAGTGCAAATCTGTTTTAGTTTCCTAAACGGAATTTTTTCTTCACCT,P2-F2,XVI,452271.0,C,A,SUR1,NONSENSE,Gaa/Taa,E263*,yes
15,CATGCAAATGTAAACAACGTTGAACT,TTTGAAAAGAATTTGTCGTTTTTGTC,SC Fluconazole4 (Haploid),"['@HWI-D00742:118:C9D2UANXX:6:1101:8283:6681 1:N:0:AAAAAAATTCTTTCCC\n', 'GGGCCCCGGGCTACTTAATATGGACTAAAGGAGGCTTTTGTCGACGGATCCGATATCGGTACCCATGCAAATGTAAACAACGTTGAACTATAACTTCGTATAATGTATGCTATACGAAGTTATGA\n', '+\n', 'CCCCCGGGGGGGGGGGGGGGGGGGGGGGGGGGGGGGGGGGGGGGGGGGGGGGGGGGGGGGGGGGGGGGGGGGGGGGGGGGGGEGEGGGGGGGGGGGGGGGGGGGGGGGGGGGGGGGGGGGGGGEG\n']","['@HWI-D00742:118:C9D2UANXX:6:1101:8283:6681 2:N:0:AAAAAAATTCTTTCCC\n', 'CACTGGGATATATACGCTCGAATTCAAGCTTAGATCTGATATCGGTACCTTTGAAAAGAATTTGTCGTTTTTGTCATAACTTCGTATAGCATACATTATACGAAGTTATAGTTCAACGTTGTTTA\n', '+\n', 'CCCCCGGGGGGGGGGGGGGGGGGGGGGGGGGGGGGGGGGGGGGGGGGGGGGGGGGGGGGGGGGGGGGGGGGGGGGGGGGGGGGGGGEGGGGGGGGGGGGGGGGGGGGGGGGGGGGGGGGGGGGGG\n']",worked,326365,11043,3755,4983,8314,2966,4655,5141,4476,3226,5568,5577,5719,4762,6132,6032,5713,5088,7083,4078,2945,1017,7238,4829,2595,1032,5763,5516,4904,3651,6271,6414,6443,4330,8423,7722,7549,5719,6490,8720,8966,7327,6629,6547,6285,5908,7284,6003,5632,5586,5564,6301,5805,7827,9471,7373,6763,6842,7177,11193,4997,8353,5029,4080,2547,1339,5847,8850,5852,1205,59359,52985,23,437398,27280,0.062368827,0.0,0.692307692,0.653846154,0.7307692309999999,0,0.08975469,15,0.005571498,0.011377738,-0.053502759,0.002264647,0.00097977,0.001113529,0.011933008,0.0588163,0.039336482,FLC4_alpha,3.7819712665688065e-05,0.00015626416143963047,,,,,,,,0.02311314289686673,,0.03407007104026951,,0.039053260711248455,,0.038766745567511314,,0.05061752020024708,,,,,,,0.030274745537689926,,,,,,0.0996146522170301,CATGCAAATGTAAACAACGTTGAACTTTTGAAAAGAATTTGTCGTTTTTGTC,P1-F1,II,464621.0,C,T,CYC8,MISSENSE,Gcc/Acc,A384T,yes
31,TATTAAACAGTAAAGGCACTTCAAAG,TCATTAAATAAATTGGTCATTTCTAA,SC 0.2M NaCl (Haploid),"['@HWI-D00742:118:C9D2UANXX:6:1101:10656:4646 1:N:0:TAACAATATCTTTCCC\n', 'GAATCGGGGGCTACTTAATATGGACTAAAGGAGGCTTTTGTCGACGGATCCGATATCGGTACCTATTAAACAGTAAAGGCACTTCAAAGATAACTTCGTATAATGTATGCTATACGAAGTTATTT\n', '+\n', 'CCCCCGGDG@EGGGGGGGGGGGGGGGGGGGGGGGGGGGGGEGGGGGGGGGGGGGGGGFGGGGGGGGGGGGGGGGGGGGGGGGGGGGGGGGGGGGGGGGGGGGGGGGGGGGGGGEEGGGGGBGD/E\n']","['@HWI-D00742:118:C9D2UANXX:6:1101:10656:4646 2:N:0:TAACAATATCTTTCCC\n', 'GTTCGGAGTATATACGCTCGAATTCAAGCTTAGATCTGATATCGGTACCTCATTAAATAAATTGGTCATTTCTAAATAACTTCGTATAGCATACATTATACGAAGTTATCTTTGAAGTGCCTTTA\n', '+\n', 'BBCB@GGGFFGGGGGGGGGGGGGGGGGGGGGGGGGGGEGGGGGGGGGGGGGGGGGGCGGGGGGGGGGGGGEGGGEGGGGGGGGFGGGFGEGGGGGGGGGGGGGGGGGGGFFGGGGGGFCGGGGEG\n']",worked,206101,4453,2304,3080,4700,1804,2999,3143,2556,1938,3307,3068,2843,2090,3750,3389,3512,2814,4669,3955,4305,4446,5289,4996,4652,4345,3403,3735,3924,3004,4592,4562,3238,3080,3253,3488,3957,3040,3537,3968,4654,4108,3788,4410,4025,3627,4201,4322,4060,4061,2607,4113,3480,4033,5034,4139,3966,3138,4065,1620,3804,6075,2004,1037,377,187,2006,2412,1063,160,30110,27914,39,256639,10745,0.041868149,0.0,0.75,0.692307692,0.807692308,0,0.073387908,31,0.003784548,0.005675639,0.002139469,0.005904224,0.007624511,0.004643555,0.009230013,0.079469662,0.006474264,None,NO,NO,NO,NO,NO,NO,NO,NO,NO,NO,NO,NO,NO,NO,NO,NO,NO,NO,NO,NO,NO,NO,NO,NO,NO,NO,NO,NO,NO,NO,NO,TATTAAACAGTAAAGGCACTTCAAAGTCATTAAATAAATTGGTCATTTCTAA,P1-D5,XV,622666.0,C,A,PDR5,MISSENSE,Cca/Aca,P943T,yes
119,GGGTCAAACATGAACAGGTTTGACAC,TTTGAAAAGAATTTGTCGTTTTTGTC,SC Fluconazole4 (Haploid),"['@HWI-D00742:118:C9D2UANXX:6:1101:11525:29363 1:N:0:ATATAAATTCTTTCCC\n', 'AACGGAAGGGCTACTTAATATGGACTAAAGGAGGCTTTTGTCGACGGATCCGATATCGGTACCGGGTCAAACATGAACAGGTTTGACACATAACTTCGTATAATGTATGCTATACGAAGTTATGA\n', '+\n', 'CCCCCGGGGDGGGGGGGGGGGGGGGGGGGGGGGGGGGGGGGGGGGGGGGGGGGGGGGGGGGGGGGGECDGGGGGGECGGGG<FGGEGGGEGDGGGGGGGGGFGGGGGGGGGGGGGGGGGGGGGGG\n']","['@HWI-D00742:118:C9D2UANXX:6:1101:11525:29363 2:N:0:ATATAAATTCTTTCCC\n', 'ATCGGCTTTATATACGCTCGAATTCAAGCTTAGATCTGATATCGGTACCTTTGAAAAGAATTTGTCGTTTTTGTCATAACTTCGTATAGCATACATTATACGAAGTTATGTGTCAAACCTGTTCA\n', '+\n', 'CCBCCGGGGGGGGGGGGGGGBGGGGEFGGGGGGGGGGGGGFGGGGGGGGGGGGGGGGGGGGGGGGGGGGGGGGGGGGGGGGGGGGGGGGGGGGGGGGGGGGGEGGGGGGGFGGGGGGGGGGGGGG\n']",worked,63722,2267,535,811,1333,467,777,912,705,624,1100,1094,1080,781,1083,1028,877,811,1496,1192,1308,911,1505,1362,1037,993,1407,660,402,105,1663,843,729,103,1597,1744,1745,1254,1039,1835,2127,1715,1114,1206,1103,619,1169,1043,1066,914,1433,2028,1241,1693,2380,2749,1067,411,1374,3849,1632,1801,497,275,101,27,496,461,199,22,12698,11255,193,84982,5869,0.069061684,0.0,0.634615385,0.538461538,0.7307692309999999,0,0.12908052,119,0.008308252,0.006806628,-0.008379921,-0.061080149,0.007627505,-0.00560734,-0.014002702,0.055396855,-0.005167533,FLC4_alpha,4.2021902961875625e-06,1.562641614396305e-05,,,,,,,,0.0024390118664345756,,0.00245747242100536,,0.002724716541382043,,0.003264430909989174,,0.004613988133177443,,,,,,,0.00326006785661602,,,,,,0.0035480551809334323,GGGTCAAACATGAACAGGTTTGACACTTTGAAAAGAATTTGTCGTTTTTGTC,P1-D12,XVI,453057.0,T,C,SUR1,MISSENSE,Atg/Gtg,M1V,yes
126,AAGCGAAATGATAATTACGTTCTACG,TTTGAAAAGAATTTGTCGTTTTTGTC,SC Fluconazole4 (Haploid),"['@HWI-D00742:118:C9D2UANXX:6:1101:6789:31632 1:N:0:CAAAAATTTCTTTCCC\n', 'TCGAGAGTGGCTACTTAATATGGACTAAAGGAGGCTTTTGTCGACGGATCCGATATCGGTACCAAGCGAAATGATAATTACGTTCTACGATAACTTCGTATAATGTATGCTATACGAAGTTATGA\n', '+\n', 'CCCCCGGGGGGGGGGGGGGGGGGGGGGGGGGGGGGGGGGGGGGGGGGGGGGGGGGGGGGGGGGGGFGGGGGGGGDGGGFGGGCGGGFGGGGGGGGGGGGGGGGGGGGGGGGGGGGBGGGEGGGGG\n']","['@HWI-D00742:118:C9D2UANXX:6:1101:6789:31632 2:N:0:CAAAAATTTCTTTCCC\n', 'CTTGACATTATATACGCTCGAATTCAAGCTTAGATCTGATATCGGTACCTTTGAAAAGAATTTGTCGTTTTTGTCATAACTTCGTATAGCATACATTATACGAAGTTATCGTAGAACGTAATTAT\n', '+\n', 'CCCCCGGGGGGGGGGGGGGGGGGGGGGGGGGGGGGGGGGGGGGGGGGGGGGGGGGGGGGGGGGGGGGGBGGGGGGGGGGGGGGGGGGGGGGGGGGGGGGGGGGGGGGGGGGGGGGGGGGGGGGGG\n']",worked,69692,2414,720,929,1427,466,940,970,817,528,1070,1111,1035,828,1314,1320,1117,876,1673,1390,1514,1102,1736,1465,1244,1080,1368,1341,1097,767,1532,1585,1458,941,1495,1404,1398,801,981,1657,1547,1202,1221,1286,1350,1122,1271,1352,1202,1162,907,1136,982,1146,1398,1373,1163,926,1178,2158,1001,1290,635,380,184,59,771,862,435,62,12480,11076,189,85206,5766,0.067671291,0.0,0.692307692,0.653846154,0.7307692309999999,0,0.091789836,126,-0.000513023,0.005930042,-0.007776668,-0.001716754,-0.002417517,0.003595119,0.007641873,0.055506141,0.011548646,FLC4_alpha,6.112276794454637e-06,5.729685919453117e-06,,,,,,,,0.0004735830328510212,,0.0006203218340055061,,0.0006020427043909738,,0.0005786005173429438,,0.0006137195754066151,,,,,,,0.00020873285145301667,,,,,,9.063355024342247e-05,AAGCGAAATGATAATTACGTTCTACGTTTGAAAAGAATTTGTCGTTTTTGTC,P1-E10,VII,469804.0,C,T,PDR1,MISSENSE,aGc/aAc,S832N,yes
167,CGCATAAGCTACAAAGTACTTCGGTA,TTTGAAAAGAATTTGTCGTTTTTGTC,SC Fluconazole4 (Haploid),"['@HWI-D00742:118:C9D2UANXX:6:1101:2730:16867 1:N:0:GAATGATTTCTTTCCC\n', 'GATAGGGCGGCTACTTAATATGGACTAAAGGAGGCTTTTGTCGACGGATCCGATATCGGTACCCGCATAAGCTACAAAGTACTTCGGTAATAACTTCGTATAATGTATGCTATACGAAGTTATGA\n', '+\n', 'CCCCCGGGGGGGGGGGGGGGGGGGGGGGGGGGGGGGGGGGGGGGGGGGGGGGGGGGFGGGGGGGGGGGGGGGGGGFEGGFGGGGGGGGGGGGGEGGGGGBGGGGBGGGGGGGGGEGGGGGGGGEE\n']","['@HWI-D00742:118:C9D2UANXX:6:1101:2730:16867 2:N:0:GAATGATTTCTTTCCC\n', 'CTACCGTCTATATACGCTCGAATTCAAGCTTAGATCTGATATCGGTACCTTTGAAAAGAATTTGTCGTTTTTGTCATAACTTCGTATAGCATACATTATACGAAGTTATTACCGAAGTACTTTGT\n', '+\n', 'CCCCCGGGGGGGGGGGGGGGGGGGGGGGGGGGGGGGGGGGGGGGGGGGGGGGGGGGGGGGGGGGGGGGGGGGGGGGGGGGGGGGGGGGGGGGGGGGGGGGGGGGGGGGGGGGGGGGGGGGGGGGG\n']",worked,63124,1910,695,901,1420,487,928,889,734,540,1003,948,880,744,1186,1013,980,822,1422,1227,1275,1023,1497,1371,1135,949,1284,1248,1016,723,1281,1356,1321,883,1273,1335,1216,789,968,1462,1403,1027,1099,1250,1119,974,1232,1220,1134,1104,850,957,828,958,1316,1255,981,709,1032,1477,817,1097,630,332,127,31,677,774,403,36,11338,10164,270,76301,4608,0.060392392999999996,0.0,0.653846154,0.576923077,0.7307692309999999,0,0.085247,167,0.001096424,0.006672846,-0.006549617,5.5282E-05,-0.002366718,0.002418471,0.003063437,0.057446329,0.001745424,FLC4_alpha,9.550432491335371e-07,7.292327533849422e-06,,,,,,,,0.001047886393789624,,0.0012198528691869399,,0.0010907448744961836,,0.0010394373090809883,,0.0010272038965721323,,,,,,,0.00032932585927127896,,,,,,0.000122293215054481,CGCATAAGCTACAAAGTACTTCGGTATTTGAAAAGAATTTGTCGTTTTTGTC,P2-H8,VII,469391.0,C,A,PDR1,MISSENSE,Gat/Tat,D970Y,yes
192,ACTAGAACACGTAAAGCCTTTAGAGT,TTTGAAAAGAATTTGTCGTTTTTGTC,SC Fluconazole4 (Haploid),"['@HWI-D00742:118:C9D2UANXX:6:1101:17965:17845 1:N:0:AAAAAAAATCTTTCCC\n', 'CTGTTCTAGGCTACTTAATATGGACTAAAGGAGGCTTTTGTCGACGGATCCGATATCGGTACCACTAGAACACGTAAAGCCTTTAGAGTATAACTTCGTATAATGTATGCTATACGAAGTTATGA\n', '+\n', 'CCCCCGGGGGGGGGGGGGGGGGGGGGGGGGGGGGGGGGGGGGGGGGGGGGGGGGGGGGGGGGGGGGGGGGGGGGGGGGGGGGGGGGGGGGGGGGGGGGGGGGGGGGGGGGGGGGGGGGGGGGGEG\n']","['@HWI-D00742:118:C9D2UANXX:6:1101:17965:17845 2:N:0:AAAAAAAATCTTTCCC\n', 'TACGGTAATATATACGCTCGAATTCAAGCTTAGATCTGATATCGGTACCTTTGAAAAGAATTTGTCGTTTTTGTCATAACTTCGTATAGCATACATTATACGAAGTTATACTCTAAAGGCTTTAC\n', '+\n', 'CCCCCGGGGGGGGGGGGGGGGGGGGGGGGGGGGGGGGGGGGGGGGGGGGGGGGGGGGGGGGGGGGGGGGGGGGGGGGGGGGGGGGGGGGGGGGGGGGGGGGGGGGGGGGGGGGGGGGGGGGFGGG\n']",worked,64211,1880,561,789,1439,489,729,883,775,581,840,864,921,770,1093,974,1004,845,1305,1101,1243,1184,1398,1310,1157,1162,1222,1194,1121,876,1477,1430,1286,1032,1197,1278,1329,979,978,1443,1566,1374,1017,1420,1444,1180,1098,1281,1292,1350,1160,1576,1395,2248,1905,2121,1631,1629,1223,1503,1123,1503,638,374,136,64,719,860,417,56,10930,9832,190,84508,4656,0.055095375999999995,0.0,0.673076923,0.615384615,0.7307692309999999,0,0.078323343,192,0.009136921,0.011803697,0.001525751,0.004133433,0.006938455,0.010384712,0.017801169,0.063697223,0.009881602,FLC4_alpha,4.202190296187563e-05,4.687924843188914e-05,,,,,,,,0.0009854792885432009,,0.0009862398933091808,,0.0007681408593130958,,0.0008910192514314296,,0.0008876011786965069,,,,,,,0.0004182032748192949,,,,,,0.0002641409289628511,ACTAGAACACGTAAAGCCTTTAGAGTTTTGAAAAGAATTTGTCGTTTTTGTC,P1-G9,II,309612.0,T,G,CSG2,MISSENSE,gaA/gaC,E234D,yes
252,CAGAGAATTGCCAAAGTAGTTGCGGT,TCCTAAACGGAATTTTTTCTTCACCT,SC Fluconazole4 (Haploid),"['@HWI-D00742:118:C9D2UANXX:6:1101:2323:13728 1:N:0:AAAAAATATCTTTCCC\n', 'TAGGCACAGGCTACTTAATATGGACTAAAGGAGGCTTTTGTCGACGGATCCGATATCGGTACCCAGAGAATTGCCAAAGTAGTTGCGGTATAACTTCGTATAATGTATGCTATACGAAGTTATAG\n', '+\n', 'CCCCCGGGGGGGGGGGGGGGGGGGGGGGGGGGGGGGGGGGGGGGGGGGGGGGGGGGGGGGGGGGGGGGGGGGGGGGGGGGGGGGGGGGGGGGGGGGGGGGGGGGGGGGGGGGGGGEGGGGGGGGG\n']","['@HWI-D00742:118:C9D2UANXX:6:1101:2323:13728 2:N:0:AAAAAATATCTTTCCC\n', 'CGGCCCGGTATATACGCTCGAATTCAAGCTTAGATCTGATATCGGTACCTCCTAAACGGAATTTTTTCTTCACCTATAACTTCGTATAGCATACATTATACGAAGTTATACCGCAACTACTTTGG\n', '+\n', 'CCCCCGGGGGGGGGGGGGGGGGGGGGGGGGGGGGGGGGGGGGGGGGGGGGGGGGGGGGGGGGGGGGGGGGGGGGGGGGGGGGGGGGGGGGGGGGGGGGGGGGGGGGGGGGGGGGGGGGGGGGGGE\n']",worked,50137,1550,439,759,1207,437,624,831,624,619,681,663,711,491,808,730,702,532,1065,908,1015,757,1148,1087,848,792,1040,523,304,102,1203,722,521,112,948,1280,1372,1150,664,1357,1563,1493,875,943,940,527,923,962,986,891,1102,1455,818,1410,1754,2059,808,268,1301,2243,1284,1372,440,190,71,27,370,374,170,32,10258,9211,487,65985,3902,0.059134652,0.0,0.596153846,0.538461538,0.653846154,0,0.118068729,252,0.012318016,0.005852155,-0.00544488,-0.055093049,0.017554787,-0.001406068,-0.013049338,0.055748134,-0.001798536,FLC4_alpha,1.776380443388379e-05,1.7189057758359352e-05,,,,,,,,0.002388849193230172,,0.002260148839438709,,0.0026560559059127156,,0.003440182413711887,,0.0042152922355157005,,,,,,,0.003120297979052958,,,,,,0.0033711335246363406,CAGAGAATTGCCAAAGTAGTTGCGGTTCCTAAACGGAATTTTTTCTTCACCT,P2-G2,XVI,452712.0,A,T,SUR1,MISSENSE,Tac/Aac,Y116N,
256,GAAACAAACAATAAATGATTTCGCAC,TCCTAAACGGAATTTTTTCTTCACCT,SC Fluconazole4 (Haploid),"['@HWI-D00742:118:C9D2UANXX:6:1101:5702:6938 1:N:0:TAGAAACTTCTTTCCC\n', 'TACGCATCGGCTACTTAATATGGACTAAAGGAGGCTTTTGTCGACGGATCCGATATCGGTACCGAAACAAACAATAAATGATTTCGCACATAACTTCGTATAATGTATGCTATACGAAGTTATAG\n', '+\n', 'CCCCCGGGGGGGGGGGGGGGGGGGGGGGGGGGGGGGGGGGGGGGGGGGGGGGGGGGGGGDGGGGGGGGGGGGGGGGGGGGGGGGGGGGGGGGGGGGEGGGGGEGGGGGGGGGGGGGGGGEGGGEG\n']","['@HWI-D00742:118:C9D2UANXX:6:1101:5702:6938 2:N:0:TAGAAACTTCTTTCCC\n', 'CGCACGCGTATATACGCTCGAATTCAAGCTTAGATCTGATATCGGTACCTCCTAAACGGAATTTTTTCTTCACCTATAACTTCGTATAGCATACATTATACGAAGTTATGTGCGAAATCATTTAT\n', '+\n', 'BCCCBGGGGGGGGGGGGGGGGGGGGGGGGGGGGGGGGGGGGGGGGGGGGGGGGGDGGGGGGGGGGGGGGGGGGGGGGGGGGGGGGGGGGGGGGGGGGGGGFGGGGGGGGGGGGGGGGGGGGGGGG\n']",worked,52457,1754,608,742,1027,358,743,735,558,399,972,840,781,506,1003,908,776,588,1349,960,919,526,1344,1078,851,519,1090,1032,1025,697,1263,1184,1252,879,1051,1111,919,530,913,1178,1240,802,926,935,859,662,1073,992,911,780,637,708,735,548,1039,852,750,507,658,1381,701,751,500,261,102,39,672,671,317,32,10063,8965,543,62475,4034,0.064569828,0.0,0.673076923,0.692307692,0.653846154,0,0.08693119099999999,256,-0.003600427,-0.001294503,-0.022786342,0.003236888,-0.007660732,-0.003502292,-0.001669394,0.055571367,0.000526044,FLC4_alpha,1.1651527639429152e-05,1.041761076264203e-05,,,,,,,,0.00010072032808758166,,8.958944220554842e-05,,6.108777126315122e-05,,7.842399948091997e-05,,5.087217685298207e-05,,,,,,,1.1432364655553917e-05,,,,,,5.586999672539742e-06,GAAACAAACAATAAATGATTTCGCACTCCTAAACGGAATTTTTTCTTCACCT,P2-A2,VII,470012.0,C,A,PDR1,MISSENSE,Gca/Tca,A763S,
397,TTAATAATACGAAAGCTCTTTGCCGG,TCCTAAACGGAATTTTTTCTTCACCT,SC Fluconazole4 (Haploid),"['@HWI-D00742:118:C9D2UANXX:6:1101:4450:27446 1:N:0:TGATAACTTCTTTCCC\n', 'TTGGGAGCGGCTACTTAATATGGACTAAAGGAGGCTTTTGTCGACGGATCCGATATCGGTACCTTAATAATACGAAAGCTCTTTGCCGGATAACTTCGTATAATGTATGCTATACGAAGTTATAG\n', '+\n', 'BBABBGGGGGGGGGGGGGGGGGGGGGGGGGGGGGGGGGGGGEG>E>EDGGGGGGGGEGGGGGGGGGGGGGGGGGB>GGEGGFGGGGGGGGGGGGGGCGGGGGGG=EGGBGGEGGDGDED6EGGGG\n']","['@HWI-D00742:118:C9D2UANXX:6:1101:4450:27446 2:N:0:TGATAACTTCTTTCCC\n', 'TCAAGAAGTATATACGCTCGAATTCAAGCTTAGATCTGATATCGGTACCTCCTAAACGGAATTTTTTCTTCACCTATAACTTCGTATAGCATACATTATACGAAGTTATCCGGCAAAGAGCTTTC\n', '+\n', 'CBB@BGGGGGGGGGGGDGGGGGGGGGGGGGGGGGGGGGEGGGGGGGDGBGGGFGGGEFGGGGGGGGGGGGFGGGGEGGCGGGGGGGGGGFGGGGGGGGGGGGGGGGGGGGBFGGGGGGGGGGGGG\n']",worked,41256,1296,496,495,688,147,629,508,365,168,891,685,609,440,837,785,684,488,882,778,998,1093,972,1118,1061,1153,804,701,576,319,881,789,618,364,887,692,427,145,836,760,570,186,893,773,670,471,1095,689,629,564,658,611,397,413,843,714,489,277,796,727,540,726,596,395,81,71,690,864,479,76,8947,8099,938,50320,2997,0.059558824,0.0,0.634615385,0.615384615,0.653846154,0,0.083537057,397,-0.022300517,-0.002361293,0.011606707,-0.012528635,-0.044801917,-0.013241545,-0.014050127,0.05712964,0.014073846,FLC4_alpha,5.539250844974514e-06,5.729685919453117e-06,,,,,,,,0.0006375004295425757,,0.0007246538426499422,,0.0007242182469172763,,0.0006302019762847869,,0.0005146371379313303,,,,,,,0.000282490042779171,,,,,,0.00011267116006288479,TTAATAATACGAAAGCTCTTTGCCGGTCCTAAACGGAATTTTTTCTTCACCT,P2-A7,VIII,514188.0,C,G,SKN7,NONSENSE,tCa/tGa,S486*,yes
460,CATAGAACGGTGAAAGAGTTTTGAGG,TCCTAAACGGAATTTTTTCTTCACCT,SC Fluconazole4 (Haploid),"['@HWI-D00742:118:C9D2UANXX:6:1101:6293:62249 1:N:0:ACTAAAAATCTTTCCC\n', 'AGGATCCAGGCTACTTAATATGGACTAAAGGAGGCTTTTGTCGACGGATCCGATATCGGTACCCATAGAACGGTGAAAGAGTTTTGAGGATAACTTCGTATAATGTATGCTATACGAAGTTATAG\n', '+\n', 'BCCCCGGGGGGFGGGGGGGGGGGGGGFGGGGGGGGGGGGGGGGGGGGGGGGGGGGGGGGGGGGGGGGGGGGGGGGGGGGGG9FGGGGGGGGGGGGGGGGGGGGGGGGGGGGGGGGFGGGGGGGEG\n']","['@HWI-D00742:118:C9D2UANXX:6:1101:6293:62249 2:N:0:ACTAAAAATCTTTCCC\n', 'CAGGGACCTATATACGCTCGAATTCAAGCTTAGATCTGATATCGGTACCTCCTAAACGGAATTTTTTCTTCACCTATAACTTCGTATAGCATACATTATACGAAGTTATCCTCAAAACTCTTTCA\n', '+\n', 'BBBBCGGGGGGGGGGGGGGGGGGGGGGGGGGGGGGGGGGGGGGGGGGGGGGGGGGGGGGGGGGGGGGGGGGGGGGGGGGGGGGGGBGGGGGGGGGGGGGGGGGGGGGGGGGGGGGGGGGGGGGGG\n']",worked,40716,1327,359,583,983,325,476,681,519,524,669,587,616,336,706,591,507,351,912,768,844,627,1000,878,644,588,872,338,215,39,1028,479,338,49,880,1058,1034,960,701,1138,1324,1296,797,761,693,263,887,682,648,552,923,1223,585,768,1516,1757,640,157,886,1866,975,801,332,154,50,17,319,313,148,18,8610,7788,860,52794,3228,0.061143312000000005,0.0,0.615384615,0.576923077,0.653846154,0,0.12037769400000001,460,0.012851952,-0.003514451,-0.008524953,-0.074365834,0.014857414,-0.015472422,-0.024116567,0.050134704,-0.006037014,FLC4_alpha,3.6291643467074406e-06,7.813208071981524e-06,,,,,,,,0.0004984668786138355,,0.00035193152191293495,,0.00033800217240231194,,0.0003918645446375611,,0.0003602459965519312,,,,,,,0.00019877563062398583,,,,,,0.00015457365760693286,CATAGAACGGTGAAAGAGTTTTGAGGTCCTAAACGGAATTTTTTCTTCACCT,P2-B10,XVI,452354.0,T,C,SUR1,MISSENSE,tAc/tGc,Y235C,yes
500,TTACAAAACTTGAAGATATTTGTCAG,TTTGAAAAGAATTTGTCGTTTTTGTC,SC Fluconazole4 (Haploid),"['@HWI-D00742:118:C9D2UANXX:6:1101:11187:98473 1:N:0:ATTCCGATTCTTTCCC\n', 'GTGATAGGGGCTACTTAATATGGACTAAAGGAGGCTTTTGTCGACGGATCCGATATCGGTACCTTACAAAACTTGAAGATATTTGTCAGATAACTTCGTATAATGTATGCTATACGAAGTTATGA\n', '+\n', 'BCCBCGGGGGGGGGGGGGGGGGGGGGGGGGGGGGGGGGGGGGGGGGGGGGGFGGGGGGBGFGGGGGGGGGGGGGGGGGGGGGGGGGGEGGGGGGGGGGGGGGGGGGGGEGGGGGGGEFGGGGGGB\n']","['@HWI-D00742:118:C9D2UANXX:6:1101:11187:98473 2:N:0:ATTCCGATTCTTTCCC\n', 'CTCGGATGTATATACGCTCGAATTCAAGCTTAGATCTGATATCGGTACCTTTGAAAAGAATTTGTCGTTTTTGTCATAACTTCGTATAGCATACATTATACGAAGTTATCTGACAAATATCTTCA\n', '+\n', 'CCCCCGGGGGGEGGGGGGGGGGGGGGGGGGGGGGGGGGGGGGGGGGGFGGGGGGGGGGGGGGGGGGGGGGGGDGFGGGGGFGGGGGGGGEGGGGGGGGGGGGGGGGGGGGGGGGGGGGGGGGGGG\n']",worked,53580,1521,586,683,953,266,689,762,477,328,982,901,868,662,1032,1014,900,660,1090,1054,1384,1937,1226,1385,1448,1785,880,785,725,417,1012,829,767,420,1161,1187,1238,893,991,1265,1486,1179,995,924,814,637,1110,964,845,791,754,976,696,801,1088,1241,858,509,733,779,677,838,595,471,171,135,828,1098,677,111,8193,7401,465,66003,3613,0.054739935999999996,0.0,0.7307692309999999,0.7307692309999999,0.7307692309999999,0,0.08665089999999999,500,-0.009399279,0.003818157,0.020791003,-0.008740512,0.004319585,-0.005550616,-0.001138632,0.063116624,0.029170562,FLC4_alpha,6.876311393761466e-06,8.334088610113625e-06,,,,,,,,0.00016470736004910413,,0.00020866401728887227,,0.00017594287839015044,,0.00015761435726295643,,0.0001333915800040402,,,,,,,0.00031125534739637114,,,,,,0.002088296322047077,TTACAAAACTTGAAGATATTTGTCAGTTTGAAAAGAATTTGTCGTTTTTGTC,P1-D11,VIII,513962.0,T,C,SKN7,MISSENSE,Tca/Cca,S411P,yes
646,CAAAGAATAATAAACCTATTTCTAGG,TCCTAAACGGAATTTTTTCTTCACCT,SC Fluconazole4 (Haploid),"['@HWI-D00742:118:C9D2UANXX:6:1101:3413:20814 1:N:0:GAAGCATTTCTTTCCC\n', 'ACGATGCCGGCTACTTAATATGGACTAAAGGAGGCTTTTGTCGACGGATCCGATATCGGTACCCAAAGAATAATAAACCTATTTCTAGGATAACTTCGTATAATGTATGCTATACGAAGTTATAG\n', '+\n', 'CCCBBGGGGGGGGGGGGGGGGGGGGGGGGGGGGGFGGGGGGGGGGGGGGGGGGGGGGGGGGGGGGGGFEEFGEGGFFGGGGGGGGGGGGFF<<@GGGGGGGGGGGD8FGEGDCEE:EGGEGGGGG\n']","['@HWI-D00742:118:C9D2UANXX:6:1101:3413:20814 2:N:0:GAAGCATTTCTTTCCC\n', 'ATGACAAATATATACGCTCGAATTCAAGCTTAGATCTGATATCGGTACCTCCTAAACGGAATTTTTTCTTCACCTATAACTTCGTATAGCATACATTATACGAAGTTATCCTAGAAATAGGTTTA\n', '+\n', 'CCCBCGGGGGGGGGGGGGGGGGGGGGGGGGGGGGGGGGGGGGGGGGGGGGGGGGGGGGGFGGGGGGGGGGGGGGGGGGGGGGGGGGGGGGGGGGGGGGGGGGGGGGGGGGGGGGGGGGGGGGGGG\n']",worked,40065,885,420,674,1215,399,590,746,644,505,579,560,491,317,666,557,621,494,810,611,697,622,930,843,736,619,733,303,171,36,938,441,172,37,551,746,936,934,585,928,1179,1146,812,1001,1002,670,954,1026,1061,1050,702,1336,738,1385,1444,1380,728,234,1203,413,1011,1337,391,186,40,22,325,386,164,27,7307,6755,862,52535,2192,0.041724565,0.0,0.692307692,0.7307692309999999,0.653846154,0,0.109263986,646,0.010782244,0.003646894,-0.004196986,-0.083332223,0.022836899,0.004549887,-0.006868793,0.070329803,-0.004075976,FLC4_alpha,8.404380592375125e-06,1.5105535605830944e-05,,,,,,,,0.0008800191803103213,,0.0008187794591443793,,0.0009607440389568329,,0.0012376686563031181,,0.0014749973602664046,,,,,,,0.0010403451836554064,,,,,,0.0009423406114350363,CAAAGAATAATAAACCTATTTCTAGGTCCTAAACGGAATTTTTTCTTCACCT,P1-E3,II,309542.0,C,A,CSG2,MISSENSE,Ggt/Tgt,G258C,yes
812,GTACGAATCAGGAATTTGATTGCAAA,TCCTAAACGGAATTTTTTCTTCACCT,SC Fluconazole4 (Haploid),"['@HWI-D00742:118:C9D2UANXX:6:1101:8073:20797 1:N:0:AAAAAAAGTCTTTCCC\n', 'TAGCGTCTGGCTACTTAATATGGACTAAAGGAGGCTTTTGTCGACGGATCCGATATCGGTACCGTACGAATCAGGAATTTGATTGCAAAATAACTTCGTATAATGTATGCTATACGAAGTTATAG\n', '+\n', 'CCCCCGGGGGGGGGGGFGGGGGGGGGGGGGGGGGDGGGGGGGGGGGCGGGGGCGGGGGGGGGGGGGGGBGGGGGFGGGGGGFGGGFGGGGGGGGEGGGG=BEGGGGGGGGG0FGGGEGGGBGGGG\n']","['@HWI-D00742:118:C9D2UANXX:6:1101:8073:20797 2:N:0:AAAAAAAGTCTTTCCC\n', 'GGGGGGGATATATACGCTCGAATTCAAGCTTAGATCTGATATCGGTACCTCCTAAACGGAATTTTTTCTTCACCTATAACTTCGTATAGCATACATTATACGAAGTTATTTTGCAATCAAATTCC\n', '+\n', 'BCCCCGGGGGGGGGGGGGGGGGGGGGGGGGGGGGGGGGGGGGGGGGGGGEGGGGGGGGGGGGGGGGGGGGGGGGGGGGGGGEGEGGGGGGGGGGGGGGGGGEGGGEGGGBGG=BGGGGGGGGGGG\n']",worked,34215,1112,340,520,793,307,432,528,418,444,561,569,574,382,610,564,401,347,794,651,716,605,802,789,596,573,625,330,221,51,803,393,300,41,826,793,833,720,574,881,1106,957,633,753,583,316,654,696,688,670,698,974,545,845,1085,1418,476,139,726,1378,764,806,252,119,39,13,232,213,104,10,6452,5829,1133,43950,2624,0.059704209,0.0,0.653846154,0.653846154,0.653846154,0,0.127769615,812,0.012167347,0.001515754,-0.004042254,-0.060590199,0.010866269,-0.004219593,-0.015881337,0.056108628,-0.007732104,FLC4_alpha,5.539250844974514e-06,1.041761076264203e-05,,,,,,,,0.00048227262978406746,,0.00040182943909070876,,0.0005323723536941568,,0.0006353110316255634,,0.0007225623723943907,,,,,,,0.0005461720017701726,,,,,,0.0005077961924597232,GTACGAATCAGGAATTTGATTGCAAATCCTAAACGGAATTTTTTCTTCACCT,P1-D4,XVI,452406.0,T,A,SUR1,NONSENSE,Aga/Tga,R218*,yes
875,AATACAAGCCGAAAGGGTCTTCGGAA,TCCTAAACGGAATTTTTTCTTCACCT,SC Fluconazole4 (Haploid),"['@HWI-D00742:118:C9D2UANXX:6:1101:7045:27371 1:N:0:ACAAAACATCTTTCCC\n', 'GGCAAACAGGCTACTTAATATGGACTAAAGGAGGCTTTTGTCGACGGATCCGATATCGGTACCAATACAAGCCGAAAGGGTCTTCGGAAATAACTTCGTATAATGTATGCTATACGAAGTTATAG\n', '+\n', '<?BBAGDGFGGGGGGGGGGGGGGGGGGGGGGGGGGGGGGGGGGGGGGGGGGGGGGGGGGGGGGGGGGGGGFGGGGGGGGGEBGFCEGGGGGGGEGGGGGGGGGGGGGEEGGGGGGGGGBDGGGGG\n']","['@HWI-D00742:118:C9D2UANXX:6:1101:7045:27371 2:N:0:ACAAAACATCTTTCCC\n', 'ATGGACTATATATACGCTCGAATTCAAGCTTAGATCTGATATCGGTACCTCCTAAACGGAATTTTTTCTTCACCTATAACTTCGTATAGCATACATTATACGAAGTTATTTCCGAAGACCCTTTC\n', '+\n', 'BCCCBEEEGGGGGGGGGGGGGGGGEGGGGFGGGGGGGGGGGGGGGGGGGGGGGGGFFDGGGGGGCGGGGGGGGGGGGFEGGGGGGGGCGFGGGGGGGGGGGGGGGGGGGGGGGGGGGGGGGGGGG\n']",worked,31144,974,275,449,701,251,363,454,394,356,402,432,460,402,511,479,471,379,630,544,581,487,751,655,551,449,687,439,296,99,735,488,418,145,562,655,704,570,463,703,862,737,531,700,682,472,618,642,651,683,647,912,690,1106,943,1293,743,608,750,1366,803,1295,325,161,41,18,281,383,171,15,6175,5564,1194,42666,2442,0.057235269000000005,0.0,0.596153846,0.538461538,0.653846154,0,0.105803143,875,0.011619257,0.012125012,-0.006169811,-0.037083661,0.012020947,0.005504374,0.009846788,0.068965561,-0.001407543,FLC4_alpha,5.921268144627929e-06,7.813208071981524e-06,,,,,,,,0.0014697268267211425,,0.0016299986278072776,,0.0018720120317666509,,0.002347355476319784,,0.0037021339399347475,,,,,,,0.002829325859271279,,,,,,0.003059192709586205,AATACAAGCCGAAAGGGTCTTCGGAATCCTAAACGGAATTTTTTCTTCACCT,P1-H8,XVI,452547.0,C,T,SUR1,MISSENSE,Ggt/Agt,G171S,yes
1371,ACTAAAATTTTTAATTCGGTTGTTTT,TCCTAAACGGAATTTTTTCTTCACCT,SC Fluconazole4 (Haploid),"['@HWI-D00742:118:C9D2UANXX:6:1101:13206:23348 1:N:0:TAATTATCTCTTTCCC\n', 'CATGATTAGGCTACTTAATATGGACTAAAGGAGGCTTTTGTCGACGGATCCGATATCGGTACCACTAAAATTTTTAATTCGGTTGTTTTATAACTTCGTATAATGTATGCTATACGAAGTTATAG\n', '+\n', 'CCCCCGGGGGGGGGGGGGGGGGFGGGGGGGGGGGGGGGGGGGGGGGGGGGGGGGGGGGGGGGGGGGGGGGGGGGGGGGGGGECGGGGGGGGGGGGGGGGGEGGGGGGGGGGGGGGGGGGGGGGGG\n']","['@HWI-D00742:118:C9D2UANXX:6:1101:13206:23348 2:N:0:TAATTATCTCTTTCCC\n', 'TAGGACGTTATATACGCTCGAATTCAAGCTTAGATCTGATATCGGTACCTCCTAAACGGAATTTTTTCTTCACCTATAACTTCGTATAGCATACATTATACGAAGTTATAAAACAACCGAATTAA\n', '+\n', 'CCCCCGGGGGGGGGGGGGGGGGGGGGGGGGGGGGGGGGGGGGGGGGGGGGGGGGGGGGGGGGGGGGGGGGGGGGGGGGGGGGGGGGGGGGGGGGGGGGGGGGGGGGGGGGGGGGGGFGGGGGGGG\n']",worked,16748,387,329,453,661,179,400,438,346,213,327,268,216,142,396,300,312,230,155,47,10,1,172,61,12,2,341,353,284,207,430,389,174,204,303,383,395,338,335,415,482,424,165,198,183,142,207,216,188,154,334,306,218,334,479,284,333,191,685,154,571,1034,227,102,4,9,220,231,103,7,4168,3886,2117,22112,953,0.04309877,0.0,0.7307692309999999,0.807692308,0.653846154,0,0.107411483,1371,-0.003913821,-0.003886134,-0.143920919,-0.007193601,0.010506538,-0.001132083,-0.001297616,0.082483317,-0.021849279,FLC4_alpha,4.011181646360855e-06,4.687924843188914e-06,,,,,,,,0.00045304398555473004,,0.0008089510815184541,,0.0013989604476875375,,0.0014318127592526269,,0.0025708195418960474,,,,,,,0.004146629296356395,,,,,,0.0044910165701098625,ACTAAAATTTTTAATTCGGTTGTTTTTCCTAAACGGAATTTTTTCTTCACCT,P2-F7,IV,892377.0,T,C,UPC2,MISSENSE,cTg/cCg,L876P,yes
1498,AGTTAAACGTAAAATATAATTTCGAA,TCCTAAACGGAATTTTTTCTTCACCT,SC Fluconazole4 (Haploid),"['@HWI-D00742:118:C9D2UANXX:6:1101:10651:11148 1:N:0:CAAACAAATCTTTCCC\n', 'ATACATACGGCTACTTAATATGGACTAAAGGAGGCTTTTGTCGACGGATCCGATATCGGTACCAGTTAAACGTAAAATATAATTTCGAAATAACTTCGTATAATGTATGCTATACGAAGTTATAG\n', '+\n', 'CCCCCGGGGGGGGGGGGGGGGGFGGGEGGGGGGGGGGGGGGGGFGGFGGGGGGGGGEFGGGGGGGGGGGGGGGGGGGGGGGGF9FGGGEGGGGGGGGGGGFGCG@0FFFEGGGGGGGGGDEGGGG\n']","['@HWI-D00742:118:C9D2UANXX:6:1101:10651:11148 2:N:0:CAAACAAATCTTTCCC\n', 'TAAGGTAATATATACGCTCGAATTCAAGCTTAGATCTGATATCGGTACCTCCTAAACGGAATTTTTTCTTCACCTATAACTTCGTATAGCATACATTATACGAAGTTATTTCGAAATTATATTTT\n', '+\n', 'BCBBBGGGGGGGGGGGGGGGGGGGGGGGGGGGGGGGGGGGGGGDGGGGGGGGGGGEGGGGGGGGGGGGGGGGGGGGGGGGGGGGGGGGGGGGGGGGDGGGGGGGGGGGGGGGGGGGGGGGGGGGG\n']",worked,20093,404,385,476,772,212,457,518,384,296,437,335,291,211,485,459,430,319,276,95,37,22,386,138,66,10,354,358,432,273,597,462,258,226,362,441,456,411,477,447,580,487,272,300,281,247,311,336,319,268,322,529,480,448,746,363,619,487,751,95,750,994,311,195,38,22,272,410,142,22,3641,3429,1874,27634,1023,0.037019614,0.0,0.7307692309999999,0.807692308,0.653846154,0,0.12897206,1498,-0.000730163,-0.000806451,-0.099295169,-0.005054204,0.008788957,0.00223413,0.010072354,0.079121506,0.002603234,FLC4_alpha,2.483112447747196e-06,4.167044305056812e-06,,,,,,,,0.0009080628795033343,,0.0012028422156036079,,0.0016183210808597625,,0.0016341313507473782,,0.0024817932324033287,,,,,,,0.0032305649800855583,,,,,,0.0033000544732468074,AGTTAAACGTAAAATATAATTTCGAATCCTAAACGGAATTTTTTCTTCACCT,P1-E8,IV,892377.0,T,G,UPC2,MISSENSE,cTg/cGg,L876R,yes
1727,CACTAAATACGGAATCTTCTTATAGA,TCCTAAACGGAATTTTTTCTTCACCT,SC Fluconazole4 (Haploid),"['@HWI-D00742:118:C9D2UANXX:6:1101:4707:62969 1:N:0:TATATAATTCTTTCCC\n', 'GGGGCCAGGGCTACTTAATATGGACTAAAGGAGGCTTTTGTCGACGGATCCGATATCGGTACCCACTAAATACGGAATCTTCTTATAGAATAACTTCGTATAATGTATGCTATACGAAGTTATAG\n', '+\n', 'CCCCCGGGGGGGGGGGGGGGGGGGGGGGGGGGGGGGGGGGGGGGGGGGGGGGGGGGGGGGFGGGGGGGGGGGGGFGGGGGGGGGGGGGGGGGGGGGGGGGGGGGGGGGGGGFGGGGGGGGGGGGG\n']","['@HWI-D00742:118:C9D2UANXX:6:1101:4707:62969 2:N:0:TATATAATTCTTTCCC\n', 'TGTAGAAATATATACGCTCGAATTCAAGCTTAGATCTGATATCGGTACCTCCTAAACGGAATTTTTTCTTCACCTATAACTTCGTATAGCATACATTATACGAAGTTATTCTATAAGAAGATTCC\n', '+\n', 'CCCCCGGGGGGGGGGGGGGGGGGGGGGGGGGGGGGGGGGGGGGGGGGGGGGGGGGGGGGGGGGGGGGGGGGGGEGGGGGGGGGGGGGGGGGGGGGGGGGGGGGGGGGGGGGGGGGGGGGGGGGGG\n']",worked,23807,410,292,345,491,175,356,397,264,229,536,417,323,276,546,508,469,325,473,373,408,340,560,488,507,348,282,364,380,172,454,327,219,145,382,428,487,408,562,412,579,606,548,595,595,607,633,648,695,982,280,645,335,305,632,539,411,181,485,70,401,676,227,102,24,15,200,217,91,13,2851,2702,1783,29237,953,0.032595684,0.0,0.673076923,0.692307692,0.653846154,0,0.10385295,1727,-0.001159549,-0.001803437,-0.005716938,-0.010452733,0.010298056,0.015300131,-0.010239113,0.080993559,-0.006004958,FLC4_alpha,1.5280691986136592e-06,3.1252832287926095e-06,,,,,,,,0.0007117569851522438,,0.0008709454634665973,,0.0009680644743561361,,0.0008565331278811879,,0.0007267031309754474,,,,,,,0.00027474553768992477,,,,,,0.00011577504876985131,CACTAAATACGGAATCTTCTTATAGATCCTAAACGGAATTTTTTCTTCACCT,P1-D10,II,463802.0,G,A,CYC8,NONSENSE,Caa/Taa,Q657*,
1801,TTGCTAACCCGTAAAATACTTGATCT,TCCTAAACGGAATTTTTTCTTCACCT,SC Fluconazole4 (Haploid),"['@HWI-D00742:118:C9D2UANXX:6:1103:15544:18682 1:N:0:ATAAAATTTCTTTCCC\n', 'AATATTAAGGCTACTTAATATGGACTAAAGGAGGCTTTTGTCGACGGATCCGATATCGGTACCTTGCTAACCCGTAAAATACTTGATCTATAACTTCGTATAATGTATGCTATACGAAGTTATAG\n', '+\n', 'CCCCCGGGGGGGGGGGGGGGGGGGGGGGGGGGGGGGGGGGGGGGGGGGGGGGGGCGGGGGGGGGGEGGGGGGGGGGGGGGGGDGGGGGGGGGGGGGGGGGGDFGGGGGGGGGGGGGGGGGGGGGG\n']","['@HWI-D00742:118:C9D2UANXX:6:1103:15544:18682 2:N:0:ATAAAATTTCTTTCCC\n', 'CGGTAACGTATATACGCTCGAATTCAAGCTTAGATCTGATATCGGTACCTCCTAAACGGAATTTTTTCTTCACCTATAACTTCGTATAGCATACATTATACGAAGTTATAGATCAAGTATTTTAC\n', '+\n', 'BBCCBGGGGGGGGGGGGGGGGGGEGGGGGGGGGGGGGGGGGGGGGGGGGGGGGGGGGGGGGGGGGGGGGGGGGGGGGGGGGGGGGGGGGGGGGGGGGGGGGGGGGGGGGGGGGGGGEDGGGGGGG\n']",worked,19003,507,177,255,393,175,275,284,230,199,392,394,375,354,301,329,360,304,391,292,166,79,423,377,229,98,488,546,468,333,471,569,414,304,469,552,610,510,299,586,854,797,194,179,168,74,219,161,168,88,269,259,321,354,435,173,361,225,392,68,330,394,515,587,325,370,633,1248,934,324,2630,2378,1901,26926,1360,0.050508802,0.0,0.653846154,0.653846154,0.653846154,0,0.095297158,1801,0.008773813,0.015031947,-0.041189839,0.000800039,0.019463872,-0.019368054,0.009358344,0.069478259,0.062487095,FLC4_alpha,1.9100864982670742e-06,1.0938491300774133e-05,,,,,,,,0.0012165435706264765,,0.0018775981410757763,,0.0025916865601602218,,0.0021529559206032362,,0.001684105668609767,,,,,,,0.0010986133648030682,,,,,,0.0003755705335429493,TTGCTAACCCGTAAAATACTTGATCTTCCTAAACGGAATTTTTTCTTCACCT,P1-G2,VII,471215.0,C,T,PDR1,MISSENSE,Gtt/Att,V362I,
1835,TCCGTAATCATGAAATATATTAAGGT,TTTGAAAAGAATTTGTCGTTTTTGTC,SC Fluconazole4 (Haploid),"['@HWI-D00742:118:C9D2UANXX:6:1101:9099:15570 1:N:0:AACAACCCTCTTTCCC\n', 'ATAGGTTCGGCTACTTAATATGGACTAAAGGAGGCTTTTGTCGACGGATCCGATATCGGTACCTCCGTAATCATGAAATATATTAAGGTATAACTTCGTATAATGTATGCTATACGAAGTTATGA\n', '+\n', 'BBCCCGGGGGGGGGGGGGGGGGGGGGGGGGGGGGGGGGGGGGGGGGGGGGGGGGGGGGGGGGGGGGGGFCFGGGEGGGEGGGGGGGGGGGGGGFEGGGGGGGGGGGGGGGGGGGGGGGGGGGGEG\n']","['@HWI-D00742:118:C9D2UANXX:6:1101:9099:15570 2:N:0:AACAACCCTCTTTCCC\n', 'TGGCAACTTATATACGCTCGAATTCAAGCTTAGATCTGATATCGGTACCTTTGAAAAGAATTTGTCGTTTTTGTCATAACTTCGTATAGCATACATTATACGAAGTTATACCTTAATATATTTCA\n', '+\n', 'CCCCCGGGGGGGGGGGFGGGGGGGGGGGGGGGGGGGGGGGGGGGGGGGFGGGGGGGGGGGGFGGGGGGGGGGGGFGGGGGGGGGGGGGGGGGGGGGGGGGGGGGGGGGGGGGGGGGGGGGGGGEG\n']",worked,16713,300,266,290,352,77,377,282,195,104,497,363,291,166,473,395,440,250,351,185,69,13,517,240,97,14,266,266,277,118,546,322,132,111,295,336,437,372,584,330,492,505,503,315,247,146,496,346,244,171,195,246,277,257,595,91,269,218,584,17,134,245,293,145,53,23,213,297,104,12,2552,2416,2165,20606,761,0.036930991,0.0,0.7307692309999999,0.7307692309999999,0.7307692309999999,0,0.200950264,1835,-0.02378522,-0.008662555,-0.094260331,-0.024883984,0.009854033,-0.030188521,0.000625651,0.03602304,0.00189617,FLC4_alpha,1.1460518989602443e-06,6.250566457585219e-06,,,,,,,,0.0023785796695820266,,0.0027130102392794136,,0.0028385619332815517,,0.0022507943303791073,,0.0025288204191453298,,,,,,,0.000973226139548606,,,,,,0.0004680664170105517,TCCGTAATCATGAAATATATTAAGGTTTTGAAAAGAATTTGTCGTTTTTGTC,P2-B8,III,260358.0,C,A,TUP1,MISSENSE,Gat/Tat,D699Y,yes
2119,CTATCAAAATTTAATCTTATTCTACT,TTTGAAAAGAATTTGTCGTTTTTGTC,SC Fluconazole4 (Haploid),"['@HWI-D00742:118:C9D2UANXX:6:1101:16970:27827 1:N:0:CCATACCTTCTTTCCC\n', 'GCGCATCAGGCTACTTAATATGGACTAAAGGAGGCTTTTGTCGACGGATCCGATATCGGTACCCTATCAAAATTTAATCTTATTCTACTATAACTTCGTATAATGTATGCTATACGAAGTTATGA\n', '+\n', 'BBBBCBDGGGGGCGDGGGGCGGEGGGFGGGG1FGGGGGDFGGFGGG<FGGGGGGGG>GGGGDGGGGGGGGG>FFGGGG@FGEGGGFGGGGGGGGGGGGGEG0FFG;@0<FDGE@FE0@>CECGC@\n']","['@HWI-D00742:118:C9D2UANXX:6:1101:16970:27827 2:N:0:CCATACCTTCTTTCCC\n', 'ATCAGGTCTATATACGCTCGAATTCAAGCTTAGATCTGATATCGGTACCTTTGAAAAGAATTTGTCGTTTTTGTCATAACTTCGTATAGCATACATTATACGAAGTTATAGTAGAATAAGATTAA\n', '+\n', 'B@BBBG@FFGGGCGGGDBGGFG1EFGCGGEGGGGFGGG@GGGGG<F@9FGGFEDGGGFGGGG1FEFGC>BFGGGGFGGCDGGDFGGGFGGFGGGGGGGGGGGCGG@FGFFGGGGDGGGFDG=F@F\n']",worked,22514,183,405,526,781,258,449,532,455,292,423,195,175,122,420,359,435,255,396,312,320,424,595,571,631,495,202,348,643,464,595,608,82,333,136,196,310,342,563,192,345,405,535,707,621,502,656,696,661,775,87,613,449,530,692,240,532,397,744,1,463,599,385,212,43,30,189,331,90,30,1771,1735,1810,28956,522,0.018027352,0.0,0.7692307690000001,0.807692308,0.7307692309999999,0,1.104674555,2119,0.001046789,-0.00998195,0.00488412,0.011176334,0.017105566,0.006883774,0.017293631,0.06440138,0.005892672,FLC4_alpha,3.0561383972273183e-06,3.2294593364190294e-05,,,,,,,,0.006033345143285529,,0.007099868791158694,,0.007080628032774347,,0.005950516755402443,,0.0069665305441577886,,,,,,,0.003032895707331465,,,,,,0.0010550117714979211,CTATCAAAATTTAATCTTATTCTACTTTTGAAAAGAATTTGTCGTTTTTGTC,P2-A9,II,218098.0,G,T,PDR3,MISSENSE,aGg/aTg,R210M,
